text,label
What is the eligibility for B.Arch?,1
What is the admission deadline for the summer program?,1
What are the quiet hour timings for the hostel?,8
Can someone review my portfolio?,2
How do I start a new clubs on campus?,11
Where do I get my enrollment certificate?,10
Who is the professor for Math?,0
How do I book an appointment with the counselor?,7
Where do I download my grade card?,0
The registration portal is throwing an glitch.,10
What is this?,6
Are there any on-campus part-time roles available?,2
Where is the pharmacy?,7
What are the block A opening hours?,4
Where can I get first aid?,7
How do I apply for student loans?,5
Are visitors allowed in the campus housing?,8
Can I change my degree program?,10
Who do I contact about a broken window?,4
Are you a bot?,6
Who do I call in a medical crisis?,7
My floormate is being very disruptive.,8
Can you tell me a joke?,6
What are the room 302 opening hours?,4
What is the cutoff for Ph.D?,1
Who organizes the concert?,11
Is there extra credit for Math?,0
Why is my account blocked for finances?,5
I want to change my roommate.,8
When is the mess fee due?,5
Who is the professor for Data Structures?,0
Can someone review my cover letter?,2
I want to swap a course.,10
Can you tell me a joke?,6
I want to file a complaint against a faculty member.,3
I am feeling very stomach ache today.,7
Where can I get medicine?,7
Where can I park my bike on campus?,4
How do I apply for hostel?,8
I lost my student ID card.,10
Can someone review my LinkedIn profile?,2
Is there a campus clinic on campus?,7
What is the cost of exam fee per semester?,5
I need help with my admission form.,1
The registration portal is throwing an glitch.,10
What is the admission deadline for BBA?,1
Where can I get bandages?,7
"I was caught plagiarizing, what happens now?",3
The projector on the 1st floor is empty.,4
Can I do an exchange semester in the UK?,9
When is the entrance exam for B.Sc?,1
Can I do an exchange semester in Canada?,9
I have a question.,6
Is there extra credit for Math?,0
Who is the resident assistant for the freshmen dorm?,8
Can someone review my cover letter?,2
Goodbye!,6
How do I add an next semester courses to my schedule?,10
My CGPA are not updated on the portal.,0
I am feeling very sick today.,7
I need help with my injury.,7
Where is the career services cell?,2
Where is the student union?,11
Where do I submit my application for postgrad?,1
What is the admission deadline for MBA?,1
How do I renew my immigration documents?,9
What is the admission deadline for B.Tech?,1
Where can I park my motorcycle on campus?,4
Are admissions open for undergrad?,1
I need help with my project in CS101.,0
How do I apply for campus housing?,8
What are the english proficiency requirements?,9
Where do I submit my application for undergrad?,1
When is the next mock interview session?,2
The printer on the ground floor is empty.,4
How do I prepare for a behavioral interview?,2
Where can I find the syllabus for Physics?,0
I want to file a complaint against a student.,3
Where can I park my car on campus?,4
How do I submit an incident report?,3
Good night.,6
Who are you?,6
Who is the dorm supervisor for my building?,8
"I was caught plagiarizing, what happens now?",3
Where do I submit my application for B.Sc?,1
Who is the professor for Database Management?,0
I need a refund for my hostel fee.,5
How do I apply for apartment?,8
Are medical emergencies covered by my student insurance?,7
When will the results for final be published?,0
How do I apply for B.Arch?,1
Are there networking events for Business students?,2
Where do I get my enrollment certificate?,10
What are the corequisites for this class?,10
What is the admission deadline for postgrad?,1
How do I book a conference room?,4
I need my travel signature verified.,9
I need my passport verified.,9
Can I do an exchange semester in the UK?,9
What is the admission deadline for B.Sc?,1
How do I submit an incident report?,3
Can I pay library fine in installments?,5
Thanks for the help.,6
My grades are not updated on the portal.,0
The registration portal is throwing an timeout.,10
Are medical emergencies covered by the university?,7
I missed my end-semester due to personal reasons.,0
What are the prerequisites for this class?,10
Where can I park my bike on campus?,4
What are the the parking lot opening hours?,4
Where is the lost and found?,4
Who is the professor for Database Management?,0
Where is the placement office?,2
When will the results for end-semester be published?,0
Where do I submit my registration fee receipt?,5
Where is the lost and found?,4
Are there any rules against drinking on campus?,3
What is the drug and alcohol policy?,3
Do you offer airport pickup for new students?,9
How do I submit an incident report?,3
Who organizes the cultural fest?,11
When will the results for end-semester be published?,0
Good night.,6
How do I prepare for a behavioral interview?,2
Who do I call in a panic attack?,7
I want to swap a course.,10
Is there a penalty for late registration fee?,5
How do I register for the mock interview session?,2
Can I stay in the campus housing during winter vacation?,8
Why is my account blocked for finances?,5
What is the admission deadline for B.Sc?,1
What is the average salary package for Business?,2
Where is the lost and found?,4
Where can I volunteer on campus?,11
What is the admission deadline for undergrad?,1
Are medical emergencies covered by the university?,7
Are admissions open for Ph.D?,1
Where can I find a list of fraternities/sororities?,11
I have a severe depressed.,7
What is my current attendance percentage?,0
Where do I download my transcript?,0
What are the english proficiency requirements?,9
How do I book a sports court?,4
I want to change my roommate.,8
I need my student visa verified.,9
Who handles harassment?,3
I want to swap a course.,10
Is wifi included in the hostel accommodation fee?,8
What is the drug and alcohol policy?,3
What is the cutoff for B.Arch?,1
How do I enroll in the certificate program?,10
I need help with my travel signature.,9
Where do I submit my graduation fee receipt?,5
Can I do an exchange semester in Germany?,9
When does enrollment window open?,10
I have a severe feverish.,7
Are there any varsity teams I can join?,11
Who is the dorm supervisor for the freshmen dorm?,8
How do I report a broken chair in my room?,8
How do I book an appointment with the counselor?,7
What are the the library opening hours?,4
How do I apply for the exchange program?,9
Can I change my major?,10
Who organizes the tech fest?,11
I received a disciplinary notice.,3
How do I book an appointment with the counselor?,7
Is there extra credit for Engineering Drawing?,0
The registration portal is throwing an glitch.,10
Where is the lost and found?,4
How do I report a maintenance issue in room 302?,4
How do I apply for grants?,5
Why is my account blocked for finances?,5
I need my passport verified.,9
How do I apply for part-time roles?,2
Are there any scholarships for exchange students?,9
How do I calculate my grades?,0
Can I transfer to the summer program next year?,1
What are the curfew timings for the campus housing?,8
Where can I find a list of student organizations?,11
What is the cost of tuition per semester?,5
I received a disciplinary notice.,3
What are the visa requirements?,9
Where is the cashier office?,5
Can I do an exchange semester in Canada?,9
What are the the library opening hours?,4
When is the late fee due?,5
How do I pay my hostel accommodation deposit?,8
The AC in the gym isn't working.,4
Can I bring a kettle to my room?,8
Where is the activity center?,11
Are there any rules against noise violation on campus?,3
Where is the student recreation center?,11
Where do I submit my tuition receipt?,5
Where do I submit my application for postgrad?,1
What is my current assignment percentage?,0
Are there any varsity teams I can join?,11
Where can I get first aid?,7
How do I register for the mock interview session?,2
Where do I submit my application for BBA?,1
Can I run for club president?,11
What time is it?,6
What are the curfew timings for the dorm?,8
I have a question.,6
What is the cost of registration fee per semester?,5
I want to file a complaint against a faculty member.,3
Are there networking events for CS students?,2
The registration portal is throwing an server 500 error.,10
How do I register for the mock interview session?,2
What is my current coursework percentage?,0
Which companies are visiting for mock interview session?,2
Where is the counseling center?,7
How do I renew my travel signature?,9
What is the admission deadline for undergrad?,1
Are there any scholarships for exchange students?,9
How do I apply for student loans?,5
The registration portal is throwing an error.,10
Are there cultural orientation classes?,9
Where can I get medicine?,7
Where is the study abroad center?,9
Where do I go?,6
I need help with my stress.,7
I am feeling very sick today.,7
How do I apply for scholarships?,5
Is cleaning included in the hostel accommodation fee?,8
What is the admission deadline for B.Tech?,1
The microwave on the 3rd floor is empty.,4
The registration portal is throwing an timeout.,10
Where do I download my degree certificate?,0
How do I register for a core subject?,10
How do I apply for internships?,2
How do I report a broken desk in my room?,8
I need my I-20 verified.,9
How do I prepare for a case interview?,2
Are there any varsity teams I can join?,11
I need help with my admission form.,1
When will the results for practical be published?,0
The projector on the 2nd floor is empty.,4
Who organizes the hackathon?,11
Are parents allowed in the dorm?,8
Is the the gym open on weekends?,4
Is the the auditorium open on weekends?,4
How do I book an appointment with the doctor?,7
How do I apply for dorm?,8
What is the anti-ragging policy?,3
Can I transfer to MBA next year?,1
When is the mess fee due?,5
How do I apply for sick leave?,7
How do I register for next semester courses?,10
Where can I find the syllabus for Data Structures?,0
Where can I volunteer on campus?,11
Can I change my specialization?,10
When is the next recruitment drive?,2
What are the the auditorium opening hours?,4
Are visitors allowed in the hostel accommodation?,8
When is the entrance exam for B.Sc?,1
What are the corequisites for this class?,10
The microwave on the 2nd floor is empty.,4
When are the end-semester exams?,0
When does enrollment window open?,10
Thanks for the help.,6
I lost my registration slip.,10
I want to change my dorm room.,8
What is the eligibility for BBA?,1
Where do I report hazing on campus?,3
Where do I get my ID badge?,10
Where do I submit my registration fee receipt?,5
Who handles bullying?,3
Can you help me?,6
I need help finding an research assistantships.,2
How do I book a conference room?,4
What is the drug and alcohol policy?,3
How do I buy tickets for the upcoming tech fest?,11
How do I pay my tuition?,5
How do I apply for grants?,5
I lost my registration slip.,10
What are the IELTS requirements?,9
Who organizes the student mixer?,11
Thanks for the help.,6
I lost my enrollment certificate.,10
How do I start a new societies on campus?,11
Is there extra credit for CS101?,0
Is there a penalty for late hostel fee?,5
I am feeling very headache today.,7
Are there language support classes?,9
Are there networking events for Mechanical students?,2
The printer on the 3rd floor is empty.,4
I received a warning notice.,3
Who is the professor for Math?,0
Who is the professor for English?,0
The registration portal is throwing an error.,10
Where is the printing press?,4
How do I apply for the exchange program?,9
Are there any on-campus jobs available?,2
What is the admission deadline for M.Tech?,1
My marks are not updated on the portal.,0
How do I enroll in the double major program?,10
How do I report a cleaning issue in room 302?,4
Where can I get first aid?,7
What is the cutoff for B.Arch?,1
What is the student conduct policy?,3
Are parents allowed in the campus housing?,8
Where do I report ragging on campus?,3
Is there a penalty for late mess fee?,5
Are friends allowed in the hostel accommodation?,8
I need a refund for my library fine.,5
How do I apply for the exchange program?,9
What is the admission deadline for B.Tech?,1
"My library fine is too high, can I get a waiver?",5
How do I apply for the exchange program?,9
I want to change my dorm room.,8
How do I pay my registration fee?,5
When is the entrance exam for M.Tech?,1
Which companies are visiting for career fair?,2
When does course registration open?,10
How do I apply for student loans?,5
Who do I call in a panic attack?,7
When is the entrance exam for M.Tech?,1
Can I pay graduation fee in installments?,5
Thanks for the help.,6
Can I transfer to postgrad next year?,1
How do I pay my registration fee?,5
How do I check my admission status?,1
I received a warning notice.,3
I want to drop a course.,10
How do I buy tickets for the upcoming concert?,11
I have a severe feverish.,7
Who organizes the cultural fest?,11
The printer on the ground floor is empty.,4
Why is my account blocked for finances?,5
Where is the counseling center?,7
How do I apply for grade checking?,0
How do I buy tickets for the upcoming student mixer?,11
I lost my registration slip.,10
Can someone review my cover letter?,2
Is the the cafeteria open on weekends?,4
Where is the student recreation center?,11
How do I register for an elective?,10
The AC in block A isn't working.,4
I received a disciplinary notice.,3
Are there any on-campus internships available?,2
What are the the parking lot opening hours?,4
The vending machine on the ground floor is empty.,4
Who handles behavioral misconduct?,3
How do I report a broken chair in my room?,8
The microwave on the 3rd floor is empty.,4
My GPA are not updated on the portal.,0
Who do I call in a panic attack?,7
Is there extra credit for Engineering Drawing?,0
How do I appeal an honor code violation?,3
How do I apply for B.Arch?,1
The vending machine in the parking lot is broken.,4
Do you offer airport pickup for exchange students?,9
Who do I contact about a broken chair?,4
What are the the gym opening hours?,4
"I was caught drinking, what happens now?",3
I received a warning notice.,3
Can I do an exchange semester in Canada?,9
Are you a bot?,6
How do I apply for dorm?,8
I have a question.,6
Are medical emergencies covered by the university?,7
Do you offer airport pickup for foreign students?,9
Where can I park my bicycle on campus?,4
What is the penalty for noise violation?,3
How do I apply for medical leave?,7
How do I check my admission status?,1
"My library fine is too high, can I get a waiver?",5
Can I get a makeup exam for Engineering Drawing?,0
Where do I get my registration slip?,10
Can you tell me a joke?,6
Goodbye!,6
Where do I submit my application for B.Sc?,1
What is the dress code policy?,3
I need help with my stress.,7
Where do I submit my semester fee receipt?,5
Where do I download my marksheet?,0
When are the final exams?,0
What is the drug and alcohol policy?,3
What are the the auditorium opening hours?,4
The AC in the library isn't working.,4
How do I calculate my GPA?,0
Where is the student union?,11
Are medical emergencies covered by the university?,7
Are you a bot?,6
I need a refund for my graduation fee.,5
The elevator on the ground floor is empty.,4
My grades are not updated on the portal.,0
How do I add an next semester courses to my schedule?,10
I have a severe headache.,7
I lost my registration slip.,10
I received a show-cause notice.,3
What is my current coursework percentage?,0
I want to change my hostel room.,8
Where can I volunteer on campus?,11
See you later.,6
I am feeling very headache today.,7
The registration portal is throwing an error.,10
Where is the bursar office?,5
Do you offer airport pickup for new students?,9
When is the next weekend events?,11
How do I report a plumbing issue in block A?,4
Are there any scholarships for international students?,9
What is the average salary package for Arts?,2
I have a severe sick.,7
Can someone review my portfolio?,2
What is the cutoff for B.Sc?,1
Can someone review my resume?,2
What is the drug and alcohol policy?,3
Can I transfer to B.Sc next year?,1
I need help with my admission form.,1
I missed my final due to personal reasons.,0
Are there any scholarships for international students?,9
Can you tell me a joke?,6
Where can I find the syllabus for Math?,0
I need my passport verified.,9
Where can I park my motorcycle on campus?,4
Are there any varsity teams I can join?,11
How do I pay my hostel deposit?,8
How do I add an a core subject to my schedule?,10
What are the IELTS requirements?,9
Which companies are visiting for networking event?,2
What are the visa requirements?,9
How do I pay my hostel accommodation deposit?,8
Who do I call in a medical crisis?,7
Do you offer airport pickup for foreign students?,9
Is the room 302 open on weekends?,4
Where can I find a list of student organizations?,11
Where do I submit my registration fee receipt?,5
My neighbor is being very rude.,8
Do you offer airport pickup for foreign students?,9
How do I report a broken chair in my room?,8
Where do I report behavioral misconduct on campus?,3
What is the cost of tuition per semester?,5
Why is my account blocked for finances?,5
How do I apply for part-time roles?,2
Where can I find a list of student organizations?,11
What is the average salary package for Mechanical?,2
Where can I find a list of societies?,11
I received a disciplinary notice.,3
Good morning.,6
Where do I report harassment on campus?,3
I need help with my passport.,9
What is the average salary package for Mechanical?,2
Where is the student union?,11
Are there networking events for Mechanical students?,2
How do I renew my passport?,9
I need help with my project in English.,0
Where do I download my marksheet?,0
Where do I get my ID badge?,10
Thank you so much.,6
How do I check my admission status?,1
"I was caught smoking, what happens now?",3
Who do I contact about a broken door lock?,4
I lost my student ID card.,10
Where do I go?,6
Is there a pharmacy on campus?,7
How do I apply for sick leave?,7
When will the results for lab be published?,0
Where do I report bullying on campus?,3
"Hi there, how are you?",6
How do I renew my student visa?,9
Where can I get first aid?,7
What are the quiet hour timings for the campus housing?,8
Where can I find the syllabus for Physics?,0
What is the average salary package for Arts?,2
What is my current coursework percentage?,0
How do I apply for hostel?,8
Who organizes the tech fest?,11
"My library fine is too high, can I get a waiver?",5
Are you a bot?,6
Can I stay in the hostel accommodation during spring break?,8
Can I stay in the hostel accommodation during winter vacation?,8
Where do I submit my exam fee receipt?,5
I need help with my project in Psychology.,0
How do I buy tickets for the upcoming hackathon?,11
I need my passport verified.,9
Can I run for club president?,11
Who do I contact about a broken desk?,4
Can I get a makeup exam for History?,0
How do I start a new student organizations on campus?,11
Are there networking events for CS students?,2
Is the the parking lot open on weekends?,4
I have a question.,6
I need help with my injury.,7
Thank you so much.,6
How do I enroll in the double major program?,10
"Hi there, how are you?",6
Are admissions open for undergrad?,1
Can I transfer to M.Tech next year?,1
How do I enroll in the certificate program?,10
Can I do an exchange semester in Australia?,9
Are parents allowed in the hostel?,8
Do you offer airport pickup for foreign students?,9
Are there any on-campus full-time jobs available?,2
What is the eligibility for B.Tech?,1
Can you tell me a joke?,6
How do I add an an elective to my schedule?,10
When does course registration open?,10
How do I check my admission status?,1
I need help with my mental health.,7
I need a refund for my tuition.,5
Where do I download my transcript?,0
When does add/drop period open?,10
I need my student visa verified.,9
"My registration fee is too high, can I get a waiver?",5
Thank you so much.,6
Who handles ragging?,3
Can I pay semester fee in installments?,5
What is the penalty for vandalism?,3
What is the eligibility for B.Sc?,1
What is my current attendance percentage?,0
Are there ESL classes?,9
Hello!,6
I need help with my stress.,7
Hello!,6
How do I submit an incident report?,3
How do I apply for dorm?,8
Can you help me?,6
I want to file a complaint against a faculty member.,3
"My semester fee is too high, can I get a waiver?",5
Where do I submit my application for undergrad?,1
Is laundry included in the hostel accommodation fee?,8
Where do I submit my library fine receipt?,5
I need help with my travel signature.,9
Where is the global affairs office?,9
I have a severe feverish.,7
How do I book a study pod?,4
Can I pay exam fee in installments?,5
Can I change my minor?,10
How do I appeal an code of conduct violation?,3
Are there any rules against cheating on campus?,3
How do I renew my student visa?,9
I need my travel signature verified.,9
Which companies are visiting for career fair?,2
Are visitors allowed in the apartment?,8
What are the TOEFL requirements?,9
I want to change my hostel room.,8
How do I prepare for a HR interview?,2
Which companies are visiting for mock interview session?,2
When will the results for lab be published?,0
I want to file a complaint against my roommate.,3
How do I appeal an code of conduct violation?,3
Are there networking events for Mechanical students?,2
How do I renew my I-20?,9
Thanks for the help.,6
Are there any on-campus part-time roles available?,2
I am feeling very stomach ache today.,7
What is the passing criteria for Database Management?,0
Is there a hospital on campus?,7
Who organizes the hackathon?,11
Are there any intramural leagues I can join?,11
I lost my ID badge.,10
Goodbye!,6
Are admissions open for postgrad?,1
Where can I park my car on campus?,4
I need a refund for my graduation fee.,5
I lost my ID badge.,10
I want to change my hostel room.,8
I want to drop a course.,10
What is the average salary package for CS?,2
Are there any scholarships for exchange students?,9
What are the the auditorium opening hours?,4
How do I pay my hostel accommodation deposit?,8
See you later.,6
Good evening.,6
How do I register for classes?,10
Is there a counseling center on campus?,7
Who do I call in a panic attack?,7
Are admissions open for B.Sc?,1
How do I join the debate club?,11
What are the corequisites for this class?,10
What is this?,6
Where do I submit my tuition receipt?,5
I need help with my physical health.,7
Are there any on-campus internships available?,2
How do I enroll in the certificate program?,10
Who do I call in a medical crisis?,7
How do I apply for B.Tech?,1
Are friends allowed in the apartment?,8
Where can I volunteer on campus?,11
Can you help me?,6
"My graduation fee is too high, can I get a waiver?",5
The AC in the library isn't working.,4
Can I do an exchange semester in Germany?,9
Is there extra credit for Engineering Drawing?,0
When is the next student mixer?,11
Can you tell me a joke?,6
How do I report a broken chair in my room?,8
I want to change my roommate.,8
What time is it?,6
I missed my final due to sickness.,0
What is the drug and alcohol policy?,3
"I was caught cheating, what happens now?",3
Where is the international student office?,9
Can I stay in the hostel during spring break?,8
How do I apply for grants?,5
When is the entrance exam for postgrad?,1
I want to change my dorm room.,8
What is the average salary package for CS?,2
What are the english proficiency requirements?,9
Where can I find a list of clubs?,11
What is the penalty for noise violation?,3
Thanks for the help.,6
Where is the campus clinic?,7
Where can I volunteer on campus?,11
Where is the scholarship office?,5
Are there cultural orientation classes?,9
Where do I download my grade card?,0
Are there any on-campus jobs available?,2
Can I run for student body government?,11
How do I register for the networking event?,2
Where is the printing press?,4
Where can I park my motorcycle on campus?,4
I need help with my homework in Engineering Drawing.,0
How do I register for the recruitment drive?,2
Who is the professor for Math?,0
How do I start a new societies on campus?,11
How do I book an appointment with the nurse?,7
Are there any intramural leagues I can join?,11
Thanks for the help.,6
What is the eligibility for MBA?,1
What is my current quiz percentage?,0
How do I prepare for a technical interview?,2
When is the next mock interview session?,2
How do I join the debate club?,11
How do I book a sports court?,4
Is there a wellness center on campus?,7
What are the quiet hour timings for the dorm?,8
How do I register for the career fair?,2
What is the anti-ragging policy?,3
What is the admission deadline for B.Arch?,1
How do I renew my travel signature?,9
"My registration fee is too high, can I get a waiver?",5
What are the credit requirements for this class?,10
How do I prepare for a technical interview?,2
I want to drop a course.,10
Hello!,6
What are the the gym opening hours?,4
What time is it?,6
What is the cost of exam fee per semester?,5
Are there language support classes?,9
Is there extra credit for CS101?,0
Are medical emergencies covered by campus insurance?,7
Where is the career services cell?,2
When is the entrance exam for postgrad?,1
How do I start a new clubs on campus?,11
The vending machine on the ground floor is empty.,4
My neighbor is being very noisy.,8
How do I apply for jobs?,2
How do I pay my hostel deposit?,8
How do I submit an incident report?,3
Where can I volunteer on campus?,11
What is this?,6
Are there any intramural leagues I can join?,11
The vending machine on the 2nd floor is empty.,4
What are the the cafeteria opening hours?,4
Why is my account blocked for finances?,5
How do I book a seminar hall?,4
Is the room 302 open on weekends?,4
Where is the printing press?,4
I need my I-20 verified.,9
What is the cutoff for M.Tech?,1
Can someone review my LinkedIn profile?,2
The elevator in the cafeteria is broken.,4
Are there any rules against drinking on campus?,3
The registration portal is throwing an error.,10
Can I do an exchange semester in Spain?,9
Where do I download my transcript?,0
Where can I find the syllabus for Psychology?,0
Where do I go?,6
Is there extra credit for English?,0
What is the penalty for fighting?,3
Where is the security desk?,4
How do I calculate my grades?,0
How do I apply for credit transfer?,0
When is the next student mixer?,11
I lost my student ID card.,10
Where can I find the syllabus for Database Management?,0
Are there any on-campus research assistantships available?,2
Where can I park my motorcycle on campus?,4
What is my current assignment percentage?,0
When is the next student mixer?,11
I need a refund for my hostel fee.,5
Where is the club house?,11
Who is the professor for English?,0
How do I renew my passport?,9
Where is the scholarship office?,5
I want to change my hostel room.,8
Can I pay semester fee in installments?,5
When is the entrance exam for MBA?,1
Why is my account blocked for finances?,5
When will the results for end-semester be published?,0
What is the cost of library fine per semester?,5
What is the cost of registration fee per semester?,5
When is the entrance exam for M.Tech?,1
Can I change my major?,10
Where can I find a list of societies?,11
When is the next recruitment drive?,2
When does add/drop period open?,10
What is the eligibility for B.Sc?,1
Are there any scholarships for foreign students?,9
When is the semester fee due?,5
Who is the resident assistant for the freshmen dorm?,8
When is the entrance exam for the summer program?,1
How do I check my admission status?,1
Can you tell me a joke?,6
Who is the RA for my building?,8
How do I prepare for a case interview?,2
How do I pay my library fine?,5
"Hi there, how are you?",6
Can I change my degree program?,10
What is the cutoff for Ph.D?,1
Thank you so much.,6
How do I join the music club?,11
How do I book a seminar hall?,4
"Hi there, how are you?",6
Where is the global affairs office?,9
Can I change my degree program?,10
Is there extra credit for Data Structures?,0
"Hi there, how are you?",6
Is there a pharmacy on campus?,7
Are there any on-campus research assistantships available?,2
How do I apply for research assistantships?,2
I am feeling very headache today.,7
Thanks for the help.,6
How do I register for an elective?,10
I have a question.,6
Is there a wellness center on campus?,7
The water cooler in the library is broken.,4
Where is the security desk?,4
Good night.,6
What are the TOEFL requirements?,9
How do I apply for BBA?,1
I lost my enrollment certificate.,10
How do I apply for BBA?,1
When is the next tech fest?,11
I need help finding an part-time roles.,2
What is this?,6
Where is the security desk?,4
The registration portal is throwing an glitch.,10
What are the quiet hour timings for the dorm?,8
What is the eligibility for undergrad?,1
How do I add an classes to my schedule?,10
Are there any rules against vandalism on campus?,3
How do I report a broken chair in my room?,8
Why is my account blocked for finances?,5
How do I book an appointment with the psychiatrist?,7
Who is the RA for my building?,8
How do I check my admission status?,1
I received a suspension notice.,3
How do I pay my registration fee?,5
What is the cutoff for MBA?,1
How do I apply for medical leave?,7
The registration portal is throwing an glitch.,10
Can I bring a mini-fridge to my room?,8
How do I add an an elective to my schedule?,10
The AC in the gym isn't working.,4
Where is the counseling center?,7
Who is the warden for block B?,8
Who is the professor for Physics?,0
When does course registration open?,10
I need help with my I-20.,9
Are you a bot?,6
Where do I report hazing on campus?,3
Where do I report harassment on campus?,3
"I was caught vandalism, what happens now?",3
How do I apply for scholarships?,5
Which companies are visiting for mock interview session?,2
Who do I contact about a broken chair?,4
I need help finding an jobs.,2
How do I apply for grade checking?,0
How do I prepare for a coding interview?,2
How do I appeal an honor code violation?,3
I need my passport verified.,9
How do I apply for undergrad?,1
Can someone review my portfolio?,2
How do I check my admission status?,1
I need my immigration documents verified.,9
The AC in the parking lot isn't working.,4
Can I get a makeup exam for Math?,0
What is the student conduct policy?,3
Why is my account blocked for finances?,5
Where can I park my bike on campus?,4
What are the room 302 opening hours?,4
Are medical emergencies covered by my student insurance?,7
Can you tell me a joke?,6
Are there language support classes?,9
When is the next student mixer?,11
How do I pay my apartment deposit?,8
Where can I get bandages?,7
How do I apply for the exchange program?,9
Who handles harassment?,3
"I was caught plagiarizing, what happens now?",3
Where can I find a list of clubs?,11
Is there extra credit for Data Structures?,0
I need help with my travel signature.,9
Can I stay in the hostel during holidays?,8
Who organizes the concert?,11
I have a severe feverish.,7
Is there a penalty for late library fine?,5
How do I start a new fraternities/sororities on campus?,11
How do I check my admission status?,1
How do I renew my passport?,9
What is the eligibility for B.Sc?,1
Are there any on-campus internships available?,2
How do I appeal an code of conduct violation?,3
Is there a penalty for late late fee?,5
Where do I submit my hostel fee receipt?,5
How do I apply for MBA?,1
How do I pay my mess fee?,5
Where is the club house?,11
When does add/drop period open?,10
I need help with my physical health.,7
Can I pay library fine in installments?,5
I want to file a complaint against a staff member.,3
How do I appeal an honor code violation?,3
What is the cutoff for B.Tech?,1
See you later.,6
Can you help me?,6
The registration portal is throwing an error.,10
Where do I download my marksheet?,0
How do I apply for the exchange program?,9
Who handles bullying?,3
My floormate is being very disruptive.,8
How do I apply for internships?,2
How do I pay my hostel fee?,5
When is the next tech fest?,11
The AC in the auditorium isn't working.,4
I missed my practical due to medical emergency.,0
What is the average salary package for Business?,2
The AC in the library isn't working.,4
When is the entrance exam for B.Sc?,1
Can I get a makeup exam for Engineering Drawing?,0
Is cleaning included in the hostel fee?,8
How do I pay my campus housing deposit?,8
Can you help me?,6
Can someone review my portfolio?,2
Can I change my major?,10
Is there a campus clinic on campus?,7
What is the admission deadline for MBA?,1
How do I apply for hostel?,8
Can I get a makeup exam for Physics?,0
Are medical emergencies covered by campus insurance?,7
I want to file a complaint against my roommate.,3
How do I submit an incident report?,3
How do I renew my I-20?,9
Are visitors allowed in the campus housing?,8
What is the average salary package for CS?,2
Where can I get first aid?,7
Why is my account blocked for finances?,5
Can I pay late fee in installments?,5
Are medical emergencies covered by campus insurance?,7
The elevator in the cafeteria is broken.,4
How do I check my admission status?,1
Goodbye!,6
When are the final exams?,0
Are there language support classes?,9
Where do I get my ID badge?,10
Can I change my minor?,10
Are there any scholarships for international students?,9
Is there a penalty for late exam fee?,5
How do I pay my apartment deposit?,8
What is the student conduct policy?,3
How do I book a seminar hall?,4
What is the eligibility for BBA?,1
I missed my lab due to a family event.,0
When is the next placement drive?,2
How do I book an appointment with the counselor?,7
Are there any on-campus internships available?,2
What is this?,6
Where can I get painkillers?,7
What is my current assignment percentage?,0
I want to swap a course.,10
When is the next networking event?,2
I have a question.,6
My floormate is being very disruptive.,8
Are medical emergencies covered by campus insurance?,7
What is the cutoff for MBA?,1
What is the eligibility for B.Sc?,1
How do I submit an incident report?,3
I am feeling very nauseous today.,7
Who are you?,6
"I was caught drinking, what happens now?",3
"Hi there, how are you?",6
Do you offer airport pickup for foreign students?,9
Can someone review my resume?,2
Which companies are visiting for placement drive?,2
Is there a penalty for late graduation fee?,5
Is cleaning included in the campus housing fee?,8
Are there any on-campus part-time roles available?,2
Can I run for student council?,11
Where is the bursar office?,5
How do I appeal an academic integrity violation?,3
What is the passing criteria for Psychology?,0
Are parents allowed in the hostel?,8
When does course registration open?,10
Where can I find the syllabus for History?,0
Who handles hazing?,3
How do I apply for B.Arch?,1
Can I do an exchange semester in Germany?,9
Where is the student recreation center?,11
How do I submit an incident report?,3
Are there cultural orientation classes?,9
The AC in the auditorium isn't working.,4
What are the the gym opening hours?,4
Thank you so much.,6
How do I register for classes?,10
"Hi there, how are you?",6
Can I transfer to undergrad next year?,1
What is the penalty for vandalism?,3
How do I join the debate club?,11
I want to drop a course.,10
How do I renew my student visa?,9
What is this?,6
I received a show-cause notice.,3
Where is the club house?,11
I received a suspension notice.,3
How do I pay my tuition?,5
How do I register for lab session?,10
I need help with my anxiety.,7
The registration portal is throwing an server 500 error.,10
Is laundry included in the hostel fee?,8
Are there any varsity teams I can join?,11
I want to change my bed assignment.,8
How do I appeal an academic integrity violation?,3
Which companies are visiting for recruitment drive?,2
When is the next concert?,11
See you later.,6
What is the anti-ragging policy?,3
Are there any on-campus full-time jobs available?,2
What is the average salary package for Arts?,2
Is there a penalty for late registration fee?,5
Where do I go?,6
Who handles hazing?,3
How do I book an appointment with the doctor?,7
How do I buy tickets for the upcoming hackathon?,11
How do I apply for extended medical absence?,7
What are the corequisites for this class?,10
When is the next student mixer?,11
Are there language support classes?,9
Can I bring a heater to my room?,8
I need help with my anxiety.,7
The AC in the auditorium isn't working.,4
Can you tell me a joke?,6
"I was caught drinking, what happens now?",3
What time is it?,6
I want to drop a course.,10
What is the cost of tuition per semester?,5
How do I check my admission status?,1
How do I enroll in the honors program?,10
The water cooler on the ground floor is empty.,4
What is the cost of semester fee per semester?,5
Where do I submit my tuition receipt?,5
Where can I volunteer on campus?,11
Are there any sports teams I can join?,11
Goodbye!,6
How do I prepare for a HR interview?,2
Where is the cashier office?,5
Can I transfer to B.Tech next year?,1
What are the curfew timings for the apartment?,8
How do I calculate my grades?,0
Who is the warden for the freshmen dorm?,8
What are the visitor timings for the hostel accommodation?,8
Are there language support classes?,9
Where can I find a list of clubs?,11
How do I apply for student loans?,5
How do I register for an elective?,10
Hello!,6
Are there any varsity teams I can join?,11
Where do I submit my hostel fee receipt?,5
Is the the library open on weekends?,4
What is the average salary package for Mechanical?,2
How do I book an appointment with the psychiatrist?,7
The projector on the 1st floor is empty.,4
When is the entrance exam for M.Tech?,1
The AC in the gym isn't working.,4
"I was caught drinking, what happens now?",3
How do I pay my graduation fee?,5
How do I apply for revaluation?,0
Are there networking events for Business students?,2
How do I apply for the summer program?,1
I am feeling very nauseous today.,7
Where can I volunteer on campus?,11
Goodbye!,6
When are the midterm exams?,0
How do I prepare for a coding interview?,2
I need help with my mental health.,7
Can I do an exchange semester in Japan?,9
I need help with my admission form.,1
The elevator in the library is broken.,4
Where is the global affairs office?,9
My roommate is being very rude.,8
Is there a pharmacy on campus?,7
When is the next student mixer?,11
How do I start a new societies on campus?,11
How do I apply for scholarships?,5
I need help with my admission form.,1
How do I apply for grants?,5
Can I run for student body government?,11
My GPA are not updated on the portal.,0
Are visitors allowed in the campus housing?,8
Are there networking events for Engineering students?,2
Who organizes the cultural fest?,11
See you later.,6
How do I apply for campus housing?,8
When is the next prom?,11
Can I stay in the campus housing during winter vacation?,8
When is the next hackathon?,11
Where can I volunteer on campus?,11
How do I submit an incident report?,3
How do I apply for scholarships?,5
Thank you so much.,6
Where do I download my grade card?,0
Who do I call in a accident?,7
How do I apply for medical leave?,7
Are there any scholarships for new students?,9
Are there any varsity teams I can join?,11
When does add/drop period open?,10
How do I renew my immigration documents?,9
I want to file a complaint against a student.,3
Hello!,6
Where is the mail room?,4
Can I run for club president?,11
When is the next networking event?,2
Is there a campus clinic on campus?,7
My floormate is being very messy.,8
How do I apply for grade checking?,0
I want to swap a course.,10
Can you help me?,6
When is the next concert?,11
I have a severe anxious.,7
Goodbye!,6
Is wifi included in the dorm fee?,8
What is the anti-ragging policy?,3
Who do I call in a panic attack?,7
Who do I call in a accident?,7
What is the penalty for noise violation?,3
What is the penalty for plagiarizing?,3
I lost my registration slip.,10
What are the credit requirements for this class?,10
Where is the hospital?,7
What is the anti-ragging policy?,3
How do I calculate my GPA?,0
Where can I volunteer on campus?,11
Where can I find the syllabus for Engineering Drawing?,0
Can I run for student council?,11
How do I apply for the exchange program?,9
How do I join the chess club?,11
Who do I contact about a broken chair?,4
I want to file a complaint against my roommate.,3
Can I bring a microwave to my room?,8
How do I apply for extended medical absence?,7
Are friends allowed in the hostel?,8
My roommate is being very messy.,8
How do I apply for research assistantships?,2
Where is the placement office?,2
Which companies are visiting for mock interview session?,2
Are you a bot?,6
I lost my enrollment certificate.,10
When is the next prom?,11
Can I bring a heater to my room?,8
When is the entrance exam for B.Tech?,1
Where do I go?,6
I want to change my hostel room.,8
Where is the mail room?,4
What is the cutoff for B.Sc?,1
Can I do an exchange semester in Japan?,9
What is the eligibility for MBA?,1
Where is the club house?,11
I need my travel signature verified.,9
Is laundry included in the apartment fee?,8
Who are you?,6
Who handles bullying?,3
How do I renew my I-20?,9
Can someone review my portfolio?,2
Can I get a makeup exam for Math?,0
What time is it?,6
I want to swap a course.,10
How do I buy tickets for the upcoming student mixer?,11
Hello!,6
